feature,importance
Desc_MinPartialCharge,0.01991846083062989
Desc_Kappa2,0.019624105135205662
Desc_MolWt,0.01800424658627632
Desc_Kappa3,0.017866099052438588
Olefin Trans,0.016586616871667775
Desc_Kappa1,0.016235071982093018
Desc_MaxPartialCharge,0.015921799321536475
Desc_HallKierAlpha,0.01487659115204917
Desc_BalabanJ,0.01401598238338104
DRFP_1077,0.013464689685693986
Desc_IsE_Olefin,0.013401685351150147
Desc_AromaticSubstituents,0.012035045484266418
Desc_FractionCsp3,0.011917246876503003
Desc_LogP,0.01101164395665511
Desc_NumRotatableBonds,0.010991182720096917
Desc_TPSA,0.010737305156330925
Olefin Cis,0.009845460566732961
Desc_IsDisubstituted,0.0098437321847379
Desc_CarbonSubstituents,0.007719278156551178
DRFP_303,0.007646149884305315
Desc_NumAromaticRings,0.00697660436477424
Desc_NumHAcceptors,0.0069463682792873516
DRFP_1800,0.006861266711974908
Desc_NumCarbonyl,0.006610871937747882
DRFP_964,0.006600258464467861
DRFP_529,0.006543105518530338
DRFP_1074,0.006535490928830327
DRFP_1355,0.00617941776542934
Desc_TotalSubstitution,0.005747943541221886
DRFP_338,0.005533717939968763
Desc_OlefinInRing,0.005498594594832016
DRFP_1822,0.00519637848127939
DRFP_1805,0.005011977626240727
DRFP_1807,0.004941061851631752
DRFP_340,0.0048428486363617336
Desc_IsZ_Olefin,0.0047469327764188395
Desc_IsUnspecifiedStereo,0.0046640838790632175
Desc_OlefinRingSize,0.004582930327458493
DRFP_1647,0.004483447735932831
Desc_NumSubstituents_C1,0.004306462934480228
DRFP_91,0.004234721894111355
DRFP_693,0.004094272344074571
DRFP_1790,0.004084343052632733
DRFP_673,0.004051689950650765
DRFP_1427,0.003914948799879893
DRFP_1058,0.0038573510453664096
DRFP_1033,0.003791172380280656
DRFP_551,0.0037570179256317887
DRFP_1555,0.003647440117625246
DRFP_1837,0.0036144063698413274
DRFP_1727,0.0035954669910363652
DRFP_260,0.0034835560142963884
DRFP_225,0.0034825189539266664
DRFP_33,0.0034492590968842403
DRFP_1945,0.0034371628004456244
DRFP_26,0.0034227449336365783
DRFP_1244,0.0033943837970092624
DRFP_1566,0.0033797528082959933
DRFP_1855,0.003340775878521276
DRFP_425,0.0033262761466289277
Desc_NumAliphaticCarbocycles,0.003236917011208373
DRFP_156,0.0032181249871721406
DRFP_2038,0.003084818923096005
DRFP_1290,0.0028918480226103327
DRFP_430,0.0027866090226654166
DRFP_1744,0.00277799677637289
Olefin Mono,0.002748541457390625
DRFP_173,0.0027483514656731177
DRFP_179,0.0027369284820689243
DRFP_1279,0.002727422720106987
DRFP_1218,0.0026502606528129805
DRFP_184,0.0026450184304365487
DRFP_467,0.0025856153105241193
DRFP_433,0.0025701183641566776
DRFP_1239,0.0025238610180910114
DRFP_1272,0.0025139821284349494
DRFP_380,0.0025066186441278795
DRFP_1113,0.002506573300460343
DRFP_1715,0.0025055943362739504
DRFP_1917,0.002462279080602022
Desc_NumAliphaticRings,0.0024521627920097784
DRFP_82,0.0024516124570483303
DRFP_1694,0.0024291835041053756
DRFP_35,0.002347234563075598
DRFP_1078,0.0023437089738863755
DRFP_1659,0.0023434334171988525
DRFP_1006,0.002330395102863979
Desc_NumAmine,0.002312562961035117
AD-mix alpha,0.002262482487145605
DRFP_1235,0.002256963110573613
DRFP_125,0.0022403995943149047
DRFP_1770,0.0022324541477177617
AD-mix beta,0.0022323372287925873
DRFP_1376,0.0022223310994994925
Desc_IsMonosubstituted,0.002216869853301148
DRFP_337,0.002177112345946459
DRFP_942,0.002143595288608904
DRFP_1115,0.0021168570029942587
DRFP_1650,0.0020635273940687597
DRFP_1916,0.002052351482218648
DRFP_36,0.002041010411615348
DRFP_873,0.002039479194618471
DRFP_43,0.0020226602076139576
DRFP_376,0.0020001221907309332
DRFP_939,0.0019931060809578504
DRFP_1675,0.001975089135208278
Olefin Tri,0.0019646017736269085
DRFP_60,0.0019628033465218632
DRFP_52,0.0019618527498836648
DRFP_611,0.0019250296830264865
DRFP_147,0.0019153788610916265
DRFP_1808,0.0019141726063595628
DRFP_968,0.0019088800395773281
DRFP_1120,0.0018870786176707827
DRFP_1891,0.0018837494606328972
DRFP_647,0.0018835133230324134
DRFP_356,0.0018732878494866776
DRFP_712,0.0018532352699483262
DRFP_1908,0.0018418776708539635
Desc_NumEster,0.001838052073718437
DRFP_981,0.0018286329098616946
DRFP_42,0.0017875822659090424
DRFP_1806,0.0017827117546850473
DRFP_1188,0.0017753151387493178
Desc_HeteroSubstituents,0.001757301707051716
DRFP_254,0.0017345110100532835
DRFP_998,0.0017215790323231973
DRFP_690,0.001695584585098959
DRFP_1389,0.0016913019661161449
Desc_IsTrisubstituted,0.001684491413586518
DRFP_884,0.0016416298848931613
DRFP_1092,0.0015993875335843244
DRFP_759,0.001598724170916054
DRFP_420,0.0015644148222608
DRFP_1995,0.0015541091361652721
DRFP_304,0.0015401257679907984
DRFP_1939,0.0014973293527565967
DRFP_1813,0.0014800757595474507
DRFP_327,0.0014746168264015487
DRFP_1465,0.0014550322833251181
DRFP_568,0.0014512939574825893
DRFP_805,0.0014456368730882837
DRFP_515,0.0014386482726901897
DRFP_390,0.0014302268946045438
DRFP_231,0.0014170567295814496
DRFP_323,0.001378872615285555
DRFP_1742,0.0013706646496835775
DRFP_738,0.0013703928190244789
DRFP_653,0.0013678945910954566
DRFP_1817,0.0013671857888798203
DRFP_1037,0.0013613745150927157
DRFP_1507,0.0013525176936548956
DRFP_1449,0.001350148218338678
DRFP_941,0.0013447891078708155
DRFP_2027,0.0013391210089234958
DRFP_556,0.0013109991778150042
DRFP_1156,0.0013042687665539953
DRFP_58,0.0012957275315567541
DRFP_1258,0.0012925685574345174
DRFP_1095,0.0012817610261189746
DRFP_1698,0.0012815619605801123
DRFP_787,0.0012794413918494963
Desc_Conjugated,0.0012783583549680938
DRFP_1338,0.0012662894809325408
DRFP_574,0.0012496783126264136
DRFP_1671,0.001245814957056829
DRFP_1123,0.0012232115230881174
DRFP_56,0.0012004378541786683
DRFP_832,0.0011898520014770185
DRFP_442,0.0011866563040894903
DRFP_21,0.0011842552741626016
DRFP_1380,0.0011836812142176716
DRFP_1794,0.0011809529948434514
DRFP_1020,0.0011793264166491103
DRFP_667,0.0011668385830102266
DRFP_1696,0.0011662920235027813
DRFP_439,0.00116588478985911
DRFP_3,0.0011612167532474558
DRFP_975,0.001139310007338314
DRFP_1435,0.0011334862384214123
DRFP_385,0.0011167456087433248
DRFP_1749,0.0011044676034161474
DRFP_623,0.0011022124784610524
DRFP_522,0.0010998842045594965
DRFP_1684,0.0010967650744564835
DRFP_345,0.0010935065072106539
DRFP_1474,0.0010931365078446342
DRFP_1503,0.001090413197847833
DRFP_1229,0.0010892741368472279
DRFP_751,0.0010821156512114743
DRFP_501,0.0010796011538276953
DRFP_847,0.001074831549156625
DRFP_1129,0.0010642150509996978
DRFP_643,0.0010582339319038883
DRFP_1578,0.0010575324905795448
DRFP_1450,0.0010570606554465782
DRFP_178,0.001056004596514444
DRFP_701,0.001054863605055605
DRFP_1789,0.0010496752741162069
DRFP_330,0.001037096462139697
DRFP_1169,0.0010354892148770013
DRFP_923,0.0010349174116255134
DRFP_1088,0.0010219434810629917
DRFP_978,0.0010084614429581168
DRFP_775,0.0010073966293560686
DRFP_391,0.0010072500112438178
DRFP_194,0.0010061881962121293
DRFP_581,0.0010020728862339694
DRFP_1932,0.0009946231524479493
DRFP_636,0.000993530276837668
Desc_NumAliphaticHeterocycles,0.0009851703706088464
DRFP_746,0.0009741536571702062
DRFP_635,0.0009697892234127716
DRFP_452,0.0009628657001350172
DRFP_59,0.0009598500151362001
DRFP_1155,0.0009563005065332474
DRFP_392,0.0009554379663378894
DRFP_198,0.0009547338420309987
DRFP_1753,0.0009540362857375343
DRFP_165,0.0009528862331179011
DRFP_129,0.0009458254395418647
DRFP_99,0.0009416544969013646
DRFP_1563,0.0009330354400245279
DRFP_1574,0.0009328162028400717
Desc_NumSubstituents_C2,0.000931288926671293
DRFP_1417,0.000926039734066549
DRFP_111,0.0009243415034338468
DRFP_778,0.0009204303880464459
DRFP_1207,0.0009122454225662201
DRFP_6,0.0008926054818905124
DRFP_1473,0.0008913522672976873
DRFP_1565,0.0008890731042742748
DRFP_824,0.0008856822303668317
DRFP_1315,0.0008848536330174852
DRFP_1702,0.0008836483212171579
DRFP_1346,0.0008806733306855884
DRFP_555,0.0008794381390322038
DRFP_1802,0.0008752580896557557
DRFP_1163,0.0008749582946274015
DRFP_1183,0.0008713973979387915
DRFP_1775,0.000870713705633679
DRFP_867,0.0008602393319971578
DRFP_874,0.0008598817790775418
DRFP_238,0.0008520686627258857
DRFP_587,0.0008510994149128492
DRFP_136,0.0008449972770679767
Olefin Gem,0.0008447825341910022
DRFP_1924,0.0008426455869552923
DRFP_1667,0.0008425699404560677
DRFP_9,0.0008351538011913029
DRFP_1638,0.0008202629833453057
DRFP_1317,0.0008089202605729832
Desc_IsGeminal,0.0008066886387343713
DRFP_857,0.0007939356131179394
DRFP_328,0.0007902215440284222
DRFP_935,0.0007858358763432035
DRFP_1900,0.0007852833630169801
DRFP_1411,0.000783951836971322
DRFP_188,0.0007747773973396728
DRFP_692,0.0007702672369947598
Desc_NumOH,0.0007677211805424824
DRFP_1034,0.000763931645828967
DRFP_861,0.0007633826896349671
DRFP_809,0.0007623208903172455
DRFP_1118,0.0007537162169498828
DRFP_1754,0.00075313413572696
DRFP_689,0.0007504825030253065
DRFP_883,0.0007485868132771038
DRFP_528,0.0007478729208726455
DRFP_684,0.0007430297452616378
DRFP_1138,0.0007403604451780908
DRFP_540,0.000736562105435242
DRFP_461,0.0007328385678165889
DRFP_395,0.0007229382507010189
DRFP_605,0.000718607264896501
DRFP_1287,0.0007148130897006911
DRFP_662,0.0007120729588863792
DRFP_227,0.0007099164710228029
DRFP_1798,0.0007055035781923663
DRFP_248,0.0007018399405276443
DRFP_726,0.000701595418353824
DRFP_519,0.0006936562607619118
DRFP_1899,0.0006931032154414498
DRFP_1468,0.0006921932153460319
DRFP_666,0.0006919291162263678
DRFP_441,0.0006881822782773098
DRFP_1280,0.0006856337027458334
DRFP_381,0.0006835309765800473
DRFP_1363,0.0006826426509126162
DRFP_16,0.0006821466592835522
DRFP_1966,0.0006820127970452032
DRFP_1981,0.0006803061376278666
DRFP_76,0.0006801762158896469
DRFP_1846,0.0006755060246244674
DRFP_1655,0.0006667050030249344
DRFP_278,0.0006641981090905548
DRFP_644,0.0006600142692546898
DRFP_1762,0.0006593712091518555
DRFP_524,0.0006575807715246889
DRFP_1395,0.0006546391146164523
DRFP_1391,0.0006540521558455153
DRFP_1534,0.0006539111441868772
DRFP_1008,0.0006536613309977894
DRFP_1571,0.0006500635921409215
DRFP_886,0.0006496469607704289
Desc_NumSaturatedCarbocycles,0.0006493833015325475
DRFP_1672,0.0006489409372836721
DRFP_79,0.0006480277970256199
DRFP_1059,0.0006466700661837542
DRFP_1921,0.0006453590065939431
DRFP_1135,0.000639716318331453
DRFP_1898,0.0006394038800222209
DRFP_1600,0.0006388552253634877
DRFP_1494,0.000637674429809646
DRFP_1631,0.0006351043034843646
DRFP_402,0.0006319653040476627
DRFP_440,0.0006317281808238639
DRFP_222,0.0006255208984692943
DRFP_1510,0.0006230575002762542
DRFP_410,0.0006212091081375855
DRFP_1153,0.0006205978606064428
DRFP_1128,0.0006198687181800395
DRFP_1782,0.0006146929138231937
DRFP_100,0.0006102752299012279
DRFP_343,0.0006099343348117251
DRFP_1952,0.0006098535350011053
DRFP_943,0.0006096131396791723
Desc_NumSaturatedRings,0.0006091838784605431
DRFP_482,0.0006091118489074876
DRFP_282,0.0006078013719904914
DRFP_465,0.0006048418522482664
DRFP_1458,0.0006005721468585774
DRFP_1986,0.0005993972029167832
DRFP_973,0.0005988211158467723
DRFP_1973,0.0005951144360586007
DRFP_1763,0.0005923709498649584
DRFP_881,0.0005908240059334787
DRFP_518,0.0005901477195456722
DRFP_1026,0.0005893641469099995
DRFP_1342,0.0005887190729712336
DRFP_562,0.0005882709147227829
DRFP_1097,0.0005881660829179292
DRFP_1173,0.0005826382412084072
DRFP_585,0.0005821369762022785
DRFP_1505,0.0005818856378200601
DRFP_1586,0.0005810690916312784
DRFP_1968,0.0005778344485705616
DRFP_1536,0.0005764503489574226
DRFP_541,0.000573742396616183
Desc_NumSaturatedHeterocycles,0.0005703863859023004
DRFP_1616,0.0005693748006427018
DRFP_370,0.0005693589337065908
DRFP_1582,0.0005686675125155373
DRFP_134,0.0005667801668516768
DRFP_1101,0.0005658145322493824
DRFP_378,0.000562222966805445
DRFP_630,0.0005613970615178994
DRFP_547,0.0005600574163215963
DRFP_1967,0.0005589934051321414
DRFP_1699,0.0005562774640328473
DRFP_1580,0.0005540114176380488
Desc_IsTetrasubstituted,0.0005531151057732786
DRFP_1461,0.0005525311387874224
DRFP_366,0.0005503845645183627
DRFP_991,0.0005497100198614366
Desc_NumHDonors,0.0005476918354644912
DRFP_251,0.0005458964771425741
DRFP_1069,0.0005417376685760346
DRFP_893,0.0005408287496318072
DRFP_1348,0.0005368019422779447
DRFP_1401,0.0005366024547034974
DRFP_1883,0.0005366011835207414
DRFP_493,0.0005354378561742549
DRFP_2015,0.0005324995780320061
DRFP_470,0.0005318032892813424
DRFP_1853,0.0005298710949135804
DRFP_769,0.0005272956743073491
DRFP_1941,0.0005235608867087078
DRFP_279,0.0005225266314305738
DRFP_694,0.0005195920149604106
DRFP_658,0.0005190143947532741
DRFP_1605,0.00051861865147619
DRFP_612,0.0005157329150480747
DRFP_576,0.0005156945095598739
DRFP_139,0.00051391208385568
DRFP_232,0.0005112316547056681
DRFP_1962,0.0005084727981938767
DRFP_620,0.000505847370799901
DRFP_1121,0.0005048183617692309
DRFP_575,0.000501846507323777
DRFP_30,0.0004998140504929559
DRFP_1263,0.0004993039679507824
DRFP_1632,0.000496594030560693
DRFP_1550,0.0004945447674426795
DRFP_1940,0.0004939571585375178
DRFP_944,0.0004927633955511165
DRFP_642,0.0004915236718877027
DRFP_1601,0.0004915083288057315
DRFP_1356,0.0004908743506809706
DRFP_1626,0.0004896533326300769
DRFP_1518,0.00048620304564824483
DRFP_220,0.0004834086877634991
DRFP_116,0.00048260236200220214
DRFP_586,0.0004800683658327695
DRFP_1154,0.00047858148652553937
DRFP_344,0.00047404677996404484
DRFP_1341,0.00046649313066987873
DRFP_1336,0.0004648248658616568
DRFP_1333,0.00046283316959620276
DRFP_1627,0.00046270915635953107
DRFP_373,0.0004620465646264662
DRFP_1012,0.00045088446591686924
DRFP_1552,0.000449693722503308
DRFP_729,0.00044932871892600453
DRFP_1098,0.0004478913537819024
DRFP_1372,0.00044761735730041276
DRFP_638,0.00044718343680023214
DRFP_969,0.00044664347808676634
DRFP_123,0.0004462188163922591
DRFP_2042,0.00044455297976219344
DRFP_1758,0.0004438777214721402
DRFP_2024,0.00043976326321258104
DRFP_1234,0.00043399850592023767
DRFP_1596,0.0004316274575702013
DRFP_98,0.00043115153960897513
DRFP_1983,0.00042960509169859425
DRFP_2031,0.0004285380538730052
DRFP_1828,0.00042852202869999483
DRFP_2014,0.00042707405204940976
DRFP_1512,0.00042707267314829787
DRFP_1445,0.0004265934651024528
DRFP_276,0.0004263675544063865
DRFP_1619,0.0004242816081055853
DRFP_476,0.00042399996199720086
DRFP_1739,0.0004238320712598212
DRFP_1906,0.00042292968669906865
DRFP_1378,0.0004207727517397836
DRFP_1392,0.00041553342937404396
DRFP_651,0.00041461302669913914
DRFP_1047,0.00041301700938383047
DRFP_765,0.00041232563311202847
DRFP_878,0.00041097729470407975
DRFP_2044,0.00041096395815631436
DRFP_838,0.00040970486171785966
DRFP_1729,0.00040825957335755816
DRFP_877,0.00040815276356704515
DRFP_162,0.0004053103619535043
DRFP_1677,0.000404650872670482
DRFP_1721,0.00040336371444676006
DRFP_1440,0.0004030640606600261
DRFP_1861,0.0004003995047925943
DRFP_827,0.00039951089440217624
DRFP_583,0.0003988997346925775
DRFP_2029,0.0003967700663244157
DRFP_2022,0.0003963594610117917
DRFP_1076,0.0003959571859129649
DRFP_747,0.00039510499986766687
DRFP_854,0.0003947957394835781
DRFP_1222,0.00039406120251646434
DRFP_371,0.00039309774746550265
DRFP_592,0.0003921908867632601
DRFP_1443,0.000392056242798903
DRFP_455,0.00038989264714031163
DRFP_2023,0.0003895610932101953
DRFP_1710,0.00038825018417618296
DRFP_2011,0.0003879562106866142
DRFP_1836,0.0003870436479660329
DRFP_572,0.00038578130004474873
DRFP_1347,0.00038545770883272376
DRFP_1541,0.0003839201816265882
DRFP_901,0.00038237599566384235
DRFP_2032,0.00038035999708123017
DRFP_1928,0.0003785170227838465
DRFP_753,0.00037851196020505343
DRFP_1570,0.00037847140108888684
DRFP_932,0.00037728551139439
DRFP_1015,0.00037617628464199664
DRFP_1028,0.00037547951658157283
DRFP_749,0.00037505087096478194
DRFP_882,0.000374823479523973
DRFP_354,0.0003737348317701823
DRFP_1367,0.0003731624300513624
DRFP_1373,0.00037213469221006974
DRFP_625,0.0003720735091541802
DRFP_844,0.00037087191443266836
DRFP_1418,0.0003706666646318703
DRFP_1316,0.0003688389286391156
DRFP_469,0.0003686170172478436
DRFP_302,0.0003655296411715156
DRFP_560,0.000364353817510369
DRFP_1086,0.0003630066499862471
DRFP_872,0.0003618721950979683
DRFP_652,0.00035829904918461365
DRFP_1520,0.0003576059751784252
DRFP_1598,0.0003551349346200103
DRFP_807,0.00035417623314542125
DRFP_994,0.0003533908958080309
DRFP_1205,0.00035298303458455095
DRFP_848,0.00035276545529238854
DRFP_268,0.0003513065904561596
DRFP_502,0.0003508207843058674
DRFP_2016,0.00034959089763173586
DRFP_1299,0.00034837922313098955
DRFP_768,0.0003483205869560136
DRFP_776,0.0003466047818494424
DRFP_1502,0.00034394251364522734
DRFP_316,0.00034365684663732846
DRFP_536,0.00034342151976714496
DRFP_887,0.000343212725680623
DRFP_17,0.00034290764220322657
DRFP_244,0.0003417993017720104
DRFP_431,0.0003408107315315086
DRFP_1409,0.0003404790479778942
DRFP_2001,0.0003381474670549829
DRFP_1116,0.00033432519154184576
DRFP_1400,0.00033431823299060105
DRFP_793,0.00033278514086688125
DRFP_1564,0.00033269376203761
DRFP_406,0.0003307687058976565
DRFP_937,0.00033035997688748053
DRFP_1199,0.000325061387802811
DRFP_1236,0.00032428034310811064
DRFP_650,0.00032373710502589726
DRFP_314,0.0003230561077750827
DRFP_1100,0.0003214856222312512
DRFP_187,0.0003208717561397161
DRFP_1141,0.00032033002615323986
DRFP_1636,0.00032003146731116527
DRFP_175,0.0003182498082800148
DRFP_293,0.00031820993705464684
DRFP_1879,0.0003175494489886578
DRFP_1002,0.00031747007388431727
DRFP_1686,0.00031712476380023455
DRFP_387,0.0003145656955887499
DRFP_230,0.00031445646818945857
DRFP_727,0.0003141426440576405
DRFP_1607,0.00031255195162000176
DRFP_171,0.00031200903763010246
DRFP_84,0.00031193638191531514
DRFP_1369,0.00031075810005182783
DRFP_1993,0.00030953204465254864
DRFP_1127,0.00030770861891869057
DRFP_788,0.0003041743250249009
DRFP_357,0.0003039173480949007
DRFP_814,0.00030388350362143483
DRFP_368,0.0003038232829722547
DRFP_741,0.00030364251861084114
DRFP_801,0.0003035912227902833
DRFP_578,0.0003035611271790083
DRFP_580,0.0003033529231450612
DRFP_1996,0.0003031600233943532
DRFP_362,0.0003018679248107059
DRFP_135,0.0003016007596679216
DRFP_25,0.00030122083456952356
DRFP_158,0.0003002602890117823
DRFP_1561,0.00030015804688737156
DRFP_315,0.00029872092651988153
DRFP_174,0.00029543354821187965
DRFP_566,0.0002950498796687547
DRFP_1950,0.0002939934002493974
DRFP_396,0.0002938054479569195
DRFP_270,0.00029233381632734907
DRFP_181,0.000291876362603474
DRFP_296,0.00029183574074495995
DRFP_584,0.0002911309789545289
DRFP_1716,0.0002911019119280807
DRFP_1591,0.0002902388670157877
DRFP_995,0.0002888506813069708
DRFP_936,0.00028882061700965264
DRFP_967,0.00028850162024745597
DRFP_1009,0.00028839894915065937
DRFP_908,0.0002860096598569992
DRFP_290,0.00028559193312776144
DRFP_131,0.00028481948776560293
DRFP_361,0.0002845366064249449
DRFP_204,0.0002835930788243699
DRFP_610,0.00028351825880806853
DRFP_1639,0.00028222277902378206
DRFP_405,0.00028210499892980084
DRFP_913,0.00028130644426668306
DRFP_720,0.000280691264227761
DRFP_898,0.00028042072059681705
DRFP_665,0.00028002287525768637
DRFP_1997,0.0002788188006547788
DRFP_332,0.00027871509713952187
DRFP_947,0.00027854863440259935
DRFP_200,0.00027836136764620387
DRFP_613,0.000278288703768637
DRFP_285,0.0002779865391644057
DRFP_1787,0.00027570062519806046
DRFP_1467,0.0002756111789874465
DRFP_903,0.00027546565465815816
DRFP_1167,0.00027496599285782705
DRFP_804,0.00027420897837927453
DRFP_1870,0.00027371105567410757
DRFP_984,0.0002732879292529403
DRFP_1189,0.0002729609889175248
DRFP_818,0.0002722631756203889
DRFP_67,0.00027224329973856847
DRFP_705,0.00027218358905654
DRFP_1157,0.0002720311635888129
DRFP_1265,0.0002717800584205754
DRFP_359,0.00027083477076561427
DRFP_37,0.0002700041831975676
DRFP_339,0.00026987216575452485
DRFP_96,0.00026982438199470735
DRFP_394,0.0002696111206948683
DRFP_1553,0.0002693636228005738
DRFP_294,0.00026887011285530447
DRFP_815,0.0002685083411123125
DRFP_790,0.0002675314716409741
DRFP_1489,0.0002673345891513422
DRFP_577,0.0002663707421914505
DRFP_1254,0.00026632922770199944
DRFP_121,0.00026528439149614476
DRFP_271,0.0002649972202106333
DRFP_1712,0.00026304391417359665
DRFP_342,0.00026286843945975876
DRFP_564,0.0002626565330546597
DRFP_1160,0.0002624646129771864
DRFP_668,0.0002624307208766626
DRFP_993,0.0002606072324353616
DRFP_1085,0.00025898191724950376
DRFP_891,0.0002588435442924909
DRFP_325,0.0002584976738911579
DRFP_554,0.00025846045125409845
DRFP_1217,0.0002560467713448425
DRFP_491,0.0002555436588980475
DRFP_1276,0.0002545474247623477
DRFP_319,0.0002528883844732472
DRFP_833,0.0002527562619213121
DRFP_627,0.0002525052332562044
DRFP_297,0.0002522481995239796
DRFP_1117,0.0002516219721450444
DRFP_1,0.00025139041202436053
DRFP_130,0.00025100636827729117
DRFP_1922,0.0002504893168987523
DRFP_1755,0.0002504863526330854
DRFP_1888,0.00025006569919420655
DRFP_1528,0.0002492438278623946
DRFP_107,0.00024888744806120136
DRFP_1339,0.0002487154768555125
DRFP_1278,0.0002477178657714725
DRFP_1159,0.0002468087537388183
DRFP_929,0.00024677491705655077
DRFP_1375,0.00024615900663814096
DRFP_364,0.00024586877890903585
DRFP_1606,0.0002457117233437588
DRFP_348,0.0002455034094009007
DRFP_2013,0.0002453230624497738
DRFP_1106,0.0002452353512335052
DRFP_383,0.00024409673856283002
DRFP_1719,0.00024353582943553498
DRFP_1595,0.00024337231549905857
DRFP_155,0.00024336279294406824
DRFP_1608,0.00024307713096488514
DRFP_1424,0.0002428493704428684
DRFP_734,0.00024283295139138322
DRFP_299,0.00024213102991375065
DRFP_22,0.0002408030791975258
DRFP_1569,0.00024044405755526806
DRFP_2036,0.00024023855478449963
DRFP_93,0.00023865157915640194
DRFP_983,0.0002379795663799651
DRFP_2039,0.00023524673949309652
DRFP_956,0.00023382804193003114
DRFP_675,0.00023372997893363092
DRFP_1682,0.00023361205704374013
DRFP_894,0.00023259489665703774
DRFP_682,0.00023242537662363075
DRFP_1374,0.00023182803504172801
DRFP_8,0.00023134254259329356
DRFP_1858,0.00023130558620339722
DRFP_11,0.00023089803274525415
DRFP_218,0.0002305586154455269
DRFP_34,0.00022921894145418824
DRFP_148,0.00022916518453637905
Olefin Tetra,0.00022717729716644058
DRFP_546,0.00022687899279855291
DRFP_464,0.00022665214290732094
DRFP_1187,0.00022647925416556137
DRFP_951,0.00022625035259988088
DRFP_1227,0.0002261057542273656
DRFP_1203,0.00022583159713149856
DRFP_1433,0.00022531137042350227
DRFP_499,0.0002252419991326896
DRFP_1735,0.0002249805407243094
DRFP_127,0.000224820857551161
DRFP_1575,0.00022438990023884622
DRFP_14,0.00022427330976740448
DRFP_1826,0.00022290042817827408
DRFP_1352,0.00022257119305171504
DRFP_1535,0.00022247709558031418
DRFP_1105,0.00022242126805476964
DRFP_559,0.000222087039055664
DRFP_1063,0.00022182441585011665
DRFP_119,0.0002190788288124141
DRFP_2028,0.00021844240155337682
DRFP_421,0.00021771653458103768
DRFP_1630,0.00021626303519786062
DRFP_892,0.00021609550742359232
DRFP_1242,0.0002158436786812066
DRFP_108,0.00021466595363255848
DRFP_1221,0.0002146539119897742
DRFP_1676,0.0002136909525881596
DRFP_1487,0.00021292140865104524
DRFP_1195,0.00021261359993821137
DRFP_291,0.00021255648465328748
DRFP_112,0.00021219235957857768
DRFP_1830,0.0002121266114951374
DRFP_539,0.000212076702519595
DRFP_543,0.0002117387469554357
DRFP_1706,0.0002115497566603882
DRFP_1803,0.00021139642805748164
DRFP_1731,0.00021123859440879428
DRFP_61,0.00021091133503675608
DRFP_1679,0.00021009345779666102
DRFP_1666,0.00020927502877241694
DRFP_28,0.00020894437628349606
DRFP_1390,0.00020809348802517096
DRFP_1325,0.0002074368756480729
DRFP_1977,0.00020734174174121502
DRFP_2041,0.000207172939444049
DRFP_1991,0.0002068757549221624
DRFP_19,0.00020653713199305046
DRFP_1140,0.00020633731439710832
DRFP_1286,0.00020597935213363607
DRFP_1431,0.00020573873637715182
DRFP_1539,0.0002043021771853778
DRFP_1911,0.00020406163029243457
DRFP_1209,0.00020399223779880054
DRFP_47,0.0002034962622029868
DRFP_333,0.0002031611266437806
DRFP_1211,0.00020185490742705408
DRFP_62,0.00020075694157187658
DRFP_1831,0.00020050590152804088
DRFP_1122,0.00020049637816604133
DRFP_672,0.00019973848411036774
DRFP_1213,0.00019944626551113165
DRFP_713,0.00019942243046194348
DRFP_1144,0.00019937338828403137
DRFP_619,0.00019914190082835352
DRFP_183,0.0001984947654203032
DRFP_409,0.00019780543678933504
DRFP_1444,0.00019745906547247839
DRFP_1062,0.00019549930532714876
DRFP_1624,0.00019545085711960948
DRFP_553,0.00019528805254180563
DRFP_1689,0.0001949721378868984
DRFP_1581,0.00019475042109416766
DRFP_1016,0.00019442873787265638
DRFP_65,0.0001938722570723995
DRFP_349,0.00019351441397840824
DRFP_1288,0.0001934302750101951
DRFP_1022,0.00019223348243707799
DRFP_1149,0.00019177541673570474
DRFP_902,0.00019165562526531673
DRFP_812,0.00019133611550723207
DRFP_835,0.0001906380566318207
DRFP_1453,0.00018967883460980123
DRFP_962,0.00018933549392985985
DRFP_1112,0.0001892927674754488
DRFP_1930,0.0001890156499684989
DRFP_401,0.0001870964842174833
DRFP_811,0.00018707480467039162
DRFP_321,0.00018653669562760815
DRFP_1801,0.0001860174453142542
DRFP_1668,0.00018564881800634876
DRFP_979,0.0001845590755900129
DRFP_306,0.00018445027195393163
DRFP_1147,0.00018386520828552057
DRFP_15,0.00018385914046369027
DRFP_571,0.00018312262311647086
DRFP_1191,0.00018168660230900266
DRFP_565,0.00018165548470489321
DRFP_1405,0.00018160327956614206
DRFP_957,0.00018156009100632324
DRFP_1786,0.00018133698842775863
DRFP_1604,0.0001813035612419423
DRFP_1674,0.00018092752994357413
DRFP_1793,0.00017927619478383692
DRFP_1878,0.00017917125717530614
DRFP_1943,0.0001791045703808155
DRFP_38,0.00017877571098079816
DRFP_1081,0.00017871454422884635
DRFP_1251,0.00017833406495280278
DRFP_1633,0.00017751037739346432
DRFP_1432,0.00017675652480167618
DRFP_166,0.00017651336334587728
DRFP_1368,0.0001755587257696107
DRFP_408,0.00017505561729876044
DRFP_1778,0.00017458432798573266
DRFP_1267,0.00017453194837233887
DRFP_1422,0.00017451533142631823
DRFP_806,0.00017443619563641444
DRFP_427,0.00017355542315076734
DRFP_1886,0.00017116271050190854
DRFP_1947,0.00017076182908481812
DRFP_1887,0.0001698407378847052
DRFP_484,0.00016928837705180053
DRFP_334,0.00016874129625254065
DRFP_226,0.0001681687752929375
DRFP_1241,0.00016728549176096106
DRFP_412,0.00016685307758931655
DRFP_1901,0.00016612118730561685
DRFP_1486,0.00016556619662063632
DRFP_1382,0.000165235628159799
DRFP_1871,0.00016475420743147404
DRFP_773,0.00016423087749664326
DRFP_1509,0.00016389959003624714
DRFP_591,0.00016360830626746433
DRFP_1859,0.00016202124019591086
DRFP_269,0.00016193374116721266
DRFP_965,0.00016165722458570512
DRFP_1765,0.00016117138597819102
DRFP_456,0.00016042680308457733
DRFP_1816,0.00015863246611393537
DRFP_1385,0.00015794890462379703
DRFP_1349,0.00015718994851100684
DRFP_1232,0.00015685702543164165
DRFP_1651,0.00015675055449591402
DRFP_114,0.00015634817605268944
DRFP_1949,0.0001563251183200365
DRFP_1130,0.00015623018784287766
DRFP_475,0.00015620745561551082
DRFP_236,0.000156058322870503
DRFP_919,0.0001553907672848863
DRFP_1670,0.00015371014603089296
DRFP_1282,0.0001534728267066738
DRFP_896,0.00015243039734195624
DRFP_1003,0.00015219466709075462
DRFP_1269,0.00015195662376646398
DRFP_274,0.00015161399381073186
DRFP_466,0.0001510969735175427
DRFP_992,0.00015103539382903654
DRFP_1262,0.00015074112754565337
DRFP_1264,0.00015058977513278808
DRFP_1152,0.00014927747845015971
DRFP_1396,0.0001475601998923601
DRFP_1469,0.00014748701855243904
DRFP_1583,0.00014562664842365217
DRFP_542,0.0001454044749128786
DRFP_766,0.00014537598979616682
DRFP_507,0.00014531320415938904
DRFP_261,0.00014527840634311886
DRFP_170,0.0001450849928441527
DRFP_1208,0.00014485556305177626
DRFP_2026,0.00014407438905179588
DRFP_904,0.00014377664516843666
DRFP_723,0.00014333392633293328
DRFP_1451,0.00014333205879474268
DRFP_1293,0.00014327843365318144
DRFP_1387,0.00014297071069460977
DRFP_1283,0.00014264847116308798
DRFP_20,0.00014156624070225425
DRFP_1872,0.00014095662183858808
DRFP_633,0.0001408618933344127
DRFP_428,0.00014068860501310651
DRFP_710,0.00014033488274126232
DRFP_823,0.0001402915464498942
DRFP_573,0.00013967365628513975
DRFP_1319,0.00013904393779483445
DRFP_317,0.00013852776337032558
DRFP_255,0.00013760021953413258
DRFP_698,0.00013668840531040494
DRFP_950,0.00013617490209978187
DRFP_1881,0.00013486075493048587
DRFP_589,0.00013450921626690512
DRFP_451,0.00013445602544502486
DRFP_761,0.0001340914196981406
DRFP_1419,0.00013394547354755713
DRFP_1492,0.00013362415705151052
DRFP_149,0.00013304754623861875
DRFP_1522,0.0001329900664824176
DRFP_1743,0.00013287733244010587
DRFP_808,0.00013273806899093322
DRFP_1475,0.0001321672175772474
DRFP_1926,0.0001321199081638162
DRFP_1323,0.00013209094607030485
DRFP_1119,0.00013203200333657998
DRFP_1457,0.00013199436860325192
DRFP_1407,0.00013148990550182404
DRFP_1526,0.0001309823167557807
DRFP_1708,0.0001308886266182986
DRFP_1658,0.0001308819487300548
DRFP_1785,0.00013048746186305346
DRFP_1850,0.0001301899199415899
DRFP_500,0.00013015880176633633
DRFP_413,0.0001297851332636655
DRFP_2007,0.00012905603749277509
DRFP_743,0.0001287904594920946
DRFP_1291,0.00012723436618124954
DRFP_483,0.00012715869524757386
DRFP_23,0.0001262319958740805
DRFP_1048,0.00012622886544682262
DRFP_308,0.00012587970689101227
DRFP_1472,0.0001243797417659925
DRFP_646,0.000124287227430573
DRFP_1190,0.00012391170498458166
DRFP_676,0.00012378672638299235
DRFP_657,0.0001236240911548051
DRFP_533,0.00012313561249739728
DRFP_702,0.00012295089772956084
DRFP_869,0.00012289289272617414
DRFP_1053,0.0001227791761008528
DRFP_1958,0.00012238591883266244
DRFP_1730,0.00012107444491815226
DRFP_2033,0.00012090162435498373
DRFP_640,0.00012083513634641112
DRFP_938,0.00012053546064902391
DRFP_1610,0.00012025827074417159
DRFP_1992,0.00011993830070950923
DRFP_1533,0.00011988459804408931
DRFP_311,0.00011859739247586846
DRFP_707,0.00011772171749424939
DRFP_737,0.00011769832450022432
DRFP_868,0.00011734354222520486
DRFP_490,0.00011708069044227303
DRFP_1398,0.00011655079168948263
DRFP_1065,0.00011597699446215276
DRFP_1645,0.00011571271568562268
DRFP_505,0.00011554033789404228
DRFP_102,0.00011506994999202478
DRFP_795,0.00011481553334037291
DRFP_1463,0.00011451828573992214
DRFP_926,0.00011406041802813335
DRFP_601,0.00011330599554148193
DRFP_1657,0.00011310034778708778
DRFP_516,0.00011304492531407905
DRFP_1364,0.00011283561231444398
DRFP_393,0.0001125038442965272
DRFP_1150,0.00011218701912841587
DRFP_272,0.00011216618078737896
DRFP_849,0.00011136741545056247
DRFP_1096,0.00011022725809583823
DRFP_1321,0.00011015581021041902
DRFP_122,0.00011002136031962633
DRFP_1004,0.00010946338189305969
DRFP_1704,0.00010920531904033673
DRFP_954,0.0001086892399695395
DRFP_372,0.00010864709791856265
DRFP_144,0.00010829725036260495
DRFP_71,0.00010750383762199245
DRFP_1040,0.00010710947249706875
DRFP_1752,0.00010710708050109543
DRFP_1151,0.00010557739177824393
DRFP_1691,0.00010541776934918792
DRFP_862,0.000105035408864807
DRFP_604,0.00010495223591946659
DRFP_51,0.00010407755578764476
DRFP_688,0.00010407512098102893
DRFP_1079,0.00010402594869403537
DRFP_1625,0.00010401512708025775
DRFP_2034,0.00010396734279693991
DRFP_245,0.00010365129401670539
Desc_NumSpiroAtoms,0.00010346182700012632
DRFP_569,0.00010335976790584077
DRFP_1961,0.00010227865915468278
DRFP_1055,0.00010224776088516756
DRFP_724,0.00010191183589626329
DRFP_1428,0.00010186309330332021
DRFP_1228,0.00010142811305209381
DRFP_1132,0.00010105616983434353
DRFP_1511,0.00010093045107946986
DRFP_1165,0.00010026037424436448
DRFP_1874,0.00010001306082974599
DRFP_1868,9.967432608096092e-05
DRFP_1194,9.94261079339253e-05
DRFP_1358,9.921784288827308e-05
DRFP_645,9.876443123084376e-05
DRFP_946,9.868429942303057e-05
DRFP_335,9.85866263984007e-05
DRFP_800,9.845926810983772e-05
DRFP_1485,9.824028613616035e-05
DRFP_358,9.690356224255349e-05
DRFP_779,9.682333098478314e-05
DRFP_839,9.671971756480946e-05
DRFP_1584,9.565539945115736e-05
DRFP_1573,9.546746499660888e-05
DRFP_714,9.542937826787747e-05
DRFP_600,9.514924150537025e-05
DRFP_948,9.514298191303453e-05
DRFP_167,9.48843969838769e-05
DRFP_1560,9.481336213807551e-05
DRFP_1501,9.368581028324084e-05
DRFP_1867,9.336425434302957e-05
DRFP_719,9.295557568784007e-05
DRFP_487,9.278648140769913e-05
DRFP_1423,9.228178688327331e-05
DRFP_1178,9.224828940092945e-05
DRFP_1294,9.204150358781264e-05
DRFP_909,9.181015059492381e-05
DRFP_1714,9.092283800467758e-05
DRFP_1697,9.091204885498414e-05
DRFP_295,9.083801670909437e-05
DRFP_1545,9.081096629125261e-05
DRFP_2046,9.063937369072253e-05
DRFP_1425,9.025136627680994e-05
DRFP_1354,9.022760643523376e-05
DRFP_92,9.000698120065015e-05
DRFP_875,8.98618311680954e-05
DRFP_1201,8.984494753205948e-05
DRFP_1556,8.983219418825676e-05
DRFP_267,8.949195635972348e-05
DRFP_211,8.871334882311506e-05
DRFP_95,8.861141408143526e-05
DRFP_353,8.824424805771734e-05
DRFP_75,8.756177848345646e-05
DRFP_1126,8.69013805827824e-05
DRFP_774,8.633804388041587e-05
DRFP_1134,8.519670987383161e-05
DRFP_1766,8.490677015457082e-05
DRFP_864,8.477729772744076e-05
DRFP_907,8.471273806550865e-05
DRFP_890,8.442150081092977e-05
DRFP_50,8.414037645516583e-05
DRFP_463,8.367671759658814e-05
DRFP_1025,8.330448793163389e-05
DRFP_1017,8.324456052185697e-05
DRFP_997,8.322508140628219e-05
DRFP_792,8.313014222082286e-05
DRFP_2037,8.302961569795831e-05
DRFP_281,8.22249404797146e-05
DRFP_952,8.16705379772587e-05
DRFP_1551,8.119524831557197e-05
DRFP_945,8.111769462094642e-05
DRFP_708,8.104519761748468e-05
DRFP_1331,8.100911346944304e-05
DRFP_423,8.051372896970195e-05
DRFP_1416,8.039065337772067e-05
DRFP_44,8.036487815537445e-05
DRFP_1767,8.002642956452454e-05
DRFP_1589,7.9963178558888e-05
DRFP_928,7.981208021410375e-05
DRFP_1176,7.960636570190314e-05
DRFP_506,7.938107192015331e-05
DRFP_914,7.936698967266715e-05
DRFP_64,7.914152806873415e-05
DRFP_1774,7.895991267052264e-05
DRFP_722,7.864105634167179e-05
DRFP_1072,7.863670143326383e-05
DRFP_55,7.861862707699969e-05
DRFP_305,7.855503000740836e-05
DRFP_1903,7.774982408144693e-05
DRFP_1938,7.738087927807305e-05
DRFP_976,7.731992266837112e-05
DRFP_549,7.71653987241009e-05
DRFP_846,7.713500005685328e-05
DRFP_375,7.713228798527039e-05
DRFP_1572,7.671305453939364e-05
DRFP_1274,7.652244065850058e-05
DRFP_1833,7.63470441008731e-05
DRFP_1094,7.591820410167087e-05
DRFP_374,7.563543673049979e-05
DRFP_85,7.513746858992199e-05
DRFP_1875,7.50877509557972e-05
DRFP_415,7.489435351859795e-05
DRFP_1799,7.395166809151592e-05
DRFP_1617,7.382419866196947e-05
DRFP_535,7.369295043823925e-05
DRFP_1741,7.308274110433597e-05
DRFP_496,7.304856091027181e-05
DRFP_1045,7.303847437189459e-05
DRFP_468,7.289890492947741e-05
DRFP_1757,7.263972026230806e-05
DRFP_990,7.247872892303849e-05
DRFP_54,7.236802168610932e-05
DRFP_783,7.168906574305455e-05
DRFP_1359,7.155716132816568e-05
DRFP_1083,7.154668488667015e-05
DRFP_855,7.137598415141532e-05
DRFP_40,7.11214706309926e-05
DRFP_1327,7.092754127620442e-05
DRFP_2017,7.08776548633321e-05
DRFP_1525,7.074412078264807e-05
DRFP_1646,7.055450171606731e-05
DRFP_1892,7.033831889762156e-05
DRFP_1734,7.002404896412784e-05
DRFP_94,6.982916355234265e-05
DRFP_626,6.975382614147516e-05
DRFP_1478,6.956235612557241e-05
DRFP_558,6.952869191594928e-05
DRFP_341,6.909594276159508e-05
DRFP_1024,6.877002195074573e-05
DRFP_449,6.838112790340054e-05
DRFP_1050,6.819728145995855e-05
DRFP_284,6.78083042243005e-05
DRFP_1852,6.75515724735855e-05
DRFP_1330,6.74728229731339e-05
DRFP_608,6.746914008764861e-05
DRFP_825,6.734555114029624e-05
DRFP_1709,6.733658697356615e-05
DRFP_1542,6.715836256027374e-05
DRFP_648,6.708064913806244e-05
DRFP_563,6.670261624412286e-05
DRFP_552,6.633941565112497e-05
DRFP_1948,6.629416135938827e-05
DRFP_920,6.605620283914964e-05
DRFP_859,6.532712039510386e-05
DRFP_462,6.531606237649211e-05
DRFP_252,6.527551828888954e-05
DRFP_1844,6.484971613133364e-05
DRFP_1685,6.475985082093962e-05
DRFP_1985,6.460200752999302e-05
DRFP_2006,6.431111561833157e-05
DRFP_101,6.41162453048428e-05
DRFP_1455,6.39679800793606e-05
DRFP_784,6.388576925860225e-05
DRFP_1182,6.355243711070655e-05
DRFP_379,6.348414448118628e-05
DRFP_1366,6.259378071462588e-05
DRFP_202,6.241910683934542e-05
DRFP_1723,6.20070540549497e-05
DRFP_1751,6.199206403212407e-05
DRFP_1567,6.193951987640338e-05
DRFP_1933,6.173761223045249e-05
DRFP_382,6.163237125532456e-05
DRFP_437,6.121105923372977e-05
DRFP_471,6.104736969787194e-05
DRFP_1726,6.052602409038176e-05
DRFP_1688,5.995937408942373e-05
DRFP_1641,5.949665255636531e-05
DRFP_1820,5.936225891164247e-05
DRFP_1642,5.9052559814214946e-05
DRFP_906,5.873069530535838e-05
DRFP_830,5.8620067530292635e-05
DRFP_310,5.856400196063162e-05
DRFP_637,5.851326805919159e-05
DRFP_132,5.845877355342187e-05
DRFP_1271,5.83360655343136e-05
DRFP_1781,5.808014429268294e-05
DRFP_525,5.773800286888722e-05
DRFP_213,5.760762593371752e-05
DRFP_538,5.748194631251076e-05
DRFP_289,5.7190117282972586e-05
DRFP_1558,5.689370229090842e-05
DRFP_350,5.680845890680377e-05
DRFP_661,5.6552132154283885e-05
DRFP_246,5.6550297683589034e-05
DRFP_1927,5.652728423385135e-05
DRFP_704,5.6377384679915186e-05
DRFP_1701,5.622316259649733e-05
DRFP_756,5.581948658804386e-05
DRFP_924,5.5774045870031106e-05
DRFP_2002,5.5586739884104904e-05
DRFP_745,5.5449305562121806e-05
DRFP_1530,5.477148717586156e-05
DRFP_1827,5.442150784209009e-05
DRFP_1436,5.420567294423234e-05
DRFP_1029,5.402296380556631e-05
DRFP_1483,5.371243301216349e-05
DRFP_716,5.3378526763109894e-05
DRFP_1093,5.332934790700063e-05
DRFP_1266,5.314240674463811e-05
DRFP_1538,5.306949683814413e-05
DRFP_1014,5.306803692252832e-05
DRFP_1406,5.304199615593488e-05
DRFP_1720,5.279827241539358e-05
DRFP_1705,5.253652960319876e-05
DRFP_1532,5.2513519781878824e-05
DRFP_1071,5.1814928410540614e-05
DRFP_411,5.1712317716619956e-05
DRFP_509,5.068647139317095e-05
DRFP_739,5.065375702943146e-05
DRFP_1361,4.992195913503766e-05
DRFP_497,4.9900303640721467e-05
DRFP_1832,4.9705320627492464e-05
DRFP_1603,4.936515962601108e-05
DRFP_532,4.92676774257517e-05
DRFP_480,4.8969074782011345e-05
DRFP_1200,4.773886061078651e-05
DRFP_29,4.7734027488698527e-05
DRFP_105,4.768353528993145e-05
DRFP_1245,4.7588967801835185e-05
DRFP_1350,4.724279503173355e-05
DRFP_1043,4.653234576900068e-05
DRFP_195,4.6274076397148235e-05
DRFP_1035,4.622239719071372e-05
DRFP_1145,4.605077715619108e-05
DRFP_1305,4.60213543475539e-05
DRFP_367,4.563491202553757e-05
DRFP_1660,4.557667299172961e-05
DRFP_1410,4.556435631312404e-05
DRFP_799,4.5402721333845834e-05
DRFP_1301,4.484551715676417e-05
DRFP_1678,4.4773020000721565e-05
DRFP_1594,4.4716540865649146e-05
DRFP_447,4.424336055203693e-05
DRFP_168,4.418572360029786e-05
DRFP_360,4.397969993828335e-05
DRFP_1277,4.367693996477226e-05
DRFP_1825,4.344652823046454e-05
DRFP_1722,4.307337960939807e-05
DRFP_322,4.296842353107361e-05
DRFP_681,4.27013237281227e-05
DRFP_925,4.268332785859161e-05
DRFP_1099,4.249240548194414e-05
DRFP_223,4.203786005149249e-05
DRFP_1107,4.2019557987769656e-05
DRFP_422,4.1433789997639396e-05
DRFP_1018,4.13023421827849e-05
DRFP_1609,4.105403956169564e-05
DRFP_691,4.095617734823204e-05
DRFP_1894,4.067948004319688e-05
DRFP_262,4.041481620273294e-05
DRFP_201,4.017027051826782e-05
DRFP_1216,4.0116976224821745e-05
DRFP_1011,4.0054676666667414e-05
DRFP_32,3.993456865176583e-05
DRFP_1776,3.990605033275194e-05
DRFP_916,3.983113749600478e-05
DRFP_1519,3.9534844096088204e-05
DRFP_703,3.9117475969344916e-05
DRFP_1759,3.8971368672832534e-05
DRFP_160,3.88768628477055e-05
DRFP_1309,3.8337756555429506e-05
DRFP_263,3.8206657033614106e-05
DRFP_618,3.7947338668242147e-05
DRFP_454,3.7778217460771636e-05
DRFP_1588,3.7750337955817366e-05
DRFP_594,3.7546412166788746e-05
DRFP_1736,3.739040565628156e-05
DRFP_69,3.730468420267326e-05
DRFP_606,3.725587368786561e-05
DRFP_798,3.72305248492981e-05
DRFP_1326,3.7227382578660146e-05
DRFP_1357,3.70560614664806e-05
DRFP_191,3.631862110390554e-05
DRFP_1249,3.605323019565075e-05
DRFP_670,3.601273854919845e-05
DRFP_1334,3.5762909080953474e-05
DRFP_31,3.557770996305957e-05
DRFP_1884,3.557207336826967e-05
DRFP_1980,3.556037403736017e-05
DRFP_966,3.545717938143879e-05
DRFP_1056,3.532375383473009e-05
DRFP_12,3.5013282759605496e-05
DRFP_118,3.498944715115544e-05
DRFP_1547,3.476720293803684e-05
DRFP_1179,3.463428230571485e-05
DRFP_1383,3.429834796689484e-05
DRFP_1005,3.417397569253558e-05
DRFP_243,3.41559284320116e-05
DRFP_777,3.3992903879518835e-05
DRFP_1955,3.370462508540482e-05
DRFP_446,3.367675930591239e-05
DRFP_1669,3.356416816543517e-05
DRFP_1531,3.348521809560029e-05
DRFP_41,3.3080176578240414e-05
DRFP_1057,3.2964387738780785e-05
DRFP_1490,3.281459529385443e-05
DRFP_1920,3.26983784763241e-05
DRFP_503,3.267914607646227e-05
DRFP_1970,3.25286556603654e-05
DRFP_742,3.250267297932408e-05
DRFP_696,3.2165969682155774e-05
DRFP_137,3.196131854628745e-05
DRFP_352,3.190051304507463e-05
DRFP_1415,3.131886767369366e-05
DRFP_210,3.1197541642581345e-05
DRFP_996,3.080694928380254e-05
DRFP_1090,3.069896179183355e-05
DRFP_450,3.056396108372223e-05
DRFP_1193,3.0437594014956215e-05
DRFP_971,3.036780337341669e-05
DRFP_930,3.021484928893174e-05
DRFP_1653,3.0152234715359357e-05
DRFP_852,3.008706506787703e-05
DRFP_593,2.9966993494564832e-05
DRFP_1643,2.985112230751011e-05
DRFP_117,2.9809403869936367e-05
DRFP_1935,2.962784946233906e-05
DRFP_369,2.962635414379221e-05
DRFP_728,2.950917413951453e-05
DRFP_1332,2.9396074414298658e-05
DRFP_1687,2.8978879611525188e-05
DRFP_351,2.890315906998514e-05
DRFP_1491,2.8733024730213033e-05
DRFP_596,2.850783905191152e-05
DRFP_2047,2.8436168659354244e-05
DRFP_1464,2.8434819950252697e-05
DRFP_1426,2.8187847786188287e-05
DRFP_1322,2.8080531568513313e-05
DRFP_582,2.7907712761028593e-05
DRFP_1693,2.7733320245208936e-05
DRFP_599,2.7699550252588736e-05
DRFP_1337,2.7567146864569875e-05
DRFP_329,2.7464425369643947e-05
DRFP_1579,2.7149228984690076e-05
DRFP_280,2.7118828468071442e-05
DRFP_154,2.6537740067885548e-05
DRFP_810,2.644948814560354e-05
DRFP_172,2.639295790623635e-05
DRFP_1143,2.616430621417296e-05
DRFP_1379,2.6077696275460263e-05
DRFP_1318,2.5822057674966546e-05
DRFP_1628,2.5583231519228484e-05
DRFP_899,2.5516461355263564e-05
DRFP_10,2.540500884045161e-05
DRFP_215,2.5346409780899674e-05
DRFP_1919,2.5291039770254183e-05
DRFP_1971,2.5207915176657687e-05
DRFP_1253,2.5028178022923814e-05
DRFP_242,2.5022186865070044e-05
DRFP_1202,2.4821308037476408e-05
DRFP_193,2.4621439712432877e-05
DRFP_142,2.4612194174590517e-05
DRFP_782,2.4392441621764382e-05
DRFP_458,2.4099366112335754e-05
DRFP_1125,2.3802159312821124e-05
DRFP_679,2.372789154774003e-05
DRFP_1243,2.343262868228764e-05
DRFP_1365,2.3354310340967084e-05
DRFP_1198,2.3231633201664846e-05
DRFP_1989,2.3006756011846434e-05
DRFP_557,2.2741054023064062e-05
DRFP_1953,2.265995238129818e-05
DRFP_1448,2.265634016140044e-05
DRFP_197,2.249101356360631e-05
DRFP_1661,2.2328774562571742e-05
DRFP_1170,2.228702844704543e-05
DRFP_1204,2.1944485769228192e-05
DRFP_1488,2.1791741250810317e-05
DRFP_1549,2.177508825594277e-05
DRFP_1593,2.1551786797542246e-05
DRFP_1131,2.1172622224944644e-05
DRFP_1889,2.1134958590207728e-05
DRFP_1010,2.1057178716561215e-05
DRFP_1471,2.021093581745223e-05
DRFP_822,2.0050970031364125e-05
DRFP_897,1.9990233551186335e-05
DRFP_717,1.975056129350159e-05
DRFP_1925,1.9673803876814446e-05
DRFP_1142,1.9666996270014306e-05
DRFP_141,1.9562464727115853e-05
DRFP_785,1.94551437489258e-05
DRFP_548,1.933953631629224e-05
DRFP_715,1.931056528933077e-05
DRFP_602,1.9108851717475963e-05
DRFP_400,1.8865557979267855e-05
DRFP_757,1.8716195085410613e-05
DRFP_1219,1.7692509760012538e-05
DRFP_1110,1.7560047932519375e-05
DRFP_180,1.7550041722746253e-05
DRFP_1866,1.7504128145082497e-05
DRFP_858,1.7204426825961585e-05
DRFP_474,1.7017597686042155e-05
DRFP_1466,1.6768168711730295e-05
DRFP_803,1.6459192665096197e-05
DRFP_1032,1.633975223061024e-05
DRFP_1732,1.6316834317288966e-05
DRFP_2030,1.6029323754692077e-05
DRFP_671,1.5521647406265417e-05
DRFP_735,1.5427707123096703e-05
DRFP_659,1.5290321982995046e-05
DRFP_1819,1.508786680304621e-05
DRFP_1517,1.4962298906151944e-05
DRFP_1523,1.4404041483283112e-05
DRFP_958,1.4391950777477548e-05
DRFP_1984,1.4175435077677587e-05
DRFP_1934,1.3957757389822488e-05
DRFP_388,1.3950371784951189e-05
DRFP_860,1.3850701290490624e-05
DRFP_1543,1.3824657952861956e-05
DRFP_4,1.3726188566700718e-05
DRFP_1748,1.362773171253671e-05
DRFP_1597,1.3483268499016831e-05
DRFP_758,1.3472883101321408e-05
DRFP_915,1.313342791493126e-05
DRFP_1783,1.257913792508865e-05
DRFP_817,1.2218026366944083e-05
DRFP_1788,1.1907150959671656e-05
DRFP_1233,1.1849620697844584e-05
DRFP_1384,1.1742112084409911e-05
DRFP_512,1.1334202323802613e-05
DRFP_888,1.12705215097525e-05
DRFP_674,1.1255721516747666e-05
DRFP_27,1.1141272537308421e-05
DRFP_550,1.0938255553399232e-05
DRFP_1256,1.0898929928419502e-05
DRFP_1838,1.088996820287599e-05
DRFP_639,1.0843910852982878e-05
DRFP_1877,1.0815346285849122e-05
DRFP_1895,1.0546105693641172e-05
DRFP_1220,1.0373176484492973e-05
DRFP_1402,1.0280871384083498e-05
DRFP_663,1.0073942672447309e-05
DRFP_748,1.0052165304682152e-05
DRFP_5,9.997096363175797e-06
DRFP_229,9.965112126600526e-06
DRFP_417,9.67036656665996e-06
DRFP_1784,9.504794189938952e-06
DRFP_851,9.378410875653696e-06
DRFP_730,9.31454280087118e-06
DRFP_1226,9.30098364641971e-06
DRFP_598,9.254749767658139e-06
DRFP_980,9.234200339892897e-06
DRFP_1039,9.233805892485989e-06
DRFP_1051,9.228545832451918e-06
DRFP_1750,8.938609327519066e-06
DRFP_152,8.911821714250869e-06
DRFP_1508,8.709372038842544e-06
DRFP_750,8.689431751443331e-06
DRFP_1929,8.479445267003125e-06
DRFP_189,8.295200228884518e-06
DRFP_1812,8.279456470199757e-06
DRFP_1496,8.0736753747988e-06
DRFP_1036,7.981547543934897e-06
DRFP_1353,7.589722752433275e-06
DRFP_1000,7.54663019370796e-06
DRFP_1737,7.524770395118175e-06
DRFP_203,7.308503537853273e-06
DRFP_912,7.267281317681232e-06
DRFP_786,6.933726630270034e-06
DRFP_1987,6.870759445376947e-06
DRFP_239,6.850578012601509e-06
DRFP_1680,6.610004968019365e-06
DRFP_736,6.570592964446627e-06
DRFP_212,6.534037973415533e-06
DRFP_1500,6.4254413541195284e-06
DRFP_1246,6.389735087658412e-06
DRFP_1360,6.253722632670254e-06
DRFP_1559,6.1459716947651606e-06
DRFP_1740,5.832394063497966e-06
DRFP_1498,5.605868766193032e-06
DRFP_911,5.5121576853943625e-06
DRFP_1084,5.229985956184559e-06
DRFP_521,5.2167150166563e-06
DRFP_434,4.953246331581314e-06
DRFP_404,4.931241933633175e-06
DRFP_1654,4.724052766730281e-06
DRFP_1314,4.459606422272708e-06
DRFP_863,4.412578902111324e-06
DRFP_1692,4.396992582840959e-06
DRFP_767,4.127148855075469e-06
DRFP_1460,4.112963893456017e-06
DRFP_820,3.890697272512121e-06
DRFP_1746,3.7633336230408923e-06
DRFP_1184,3.70832596238564e-06
DRFP_1052,3.4028961667330417e-06
DRFP_1296,3.186208066654922e-06
DRFP_963,3.1702276548033852e-06
DRFP_1942,3.052519874283589e-06
DRFP_986,2.956148502690246e-06
DRFP_1456,2.9548205623565144e-06
DRFP_80,2.9130048366826053e-06
DRFP_1297,2.8170852722482616e-06
DRFP_1371,2.7691826748675597e-06
DRFP_264,2.6453522293552722e-06
DRFP_1111,2.6216858697542326e-06
DRFP_918,2.4072468400884663e-06
DRFP_1673,2.3257226324799187e-06
DRFP_1454,2.2929394844020113e-06
DRFP_1521,2.2227729636262864e-06
DRFP_1186,2.2092438974735146e-06
DRFP_1963,2.1489727877605112e-06
DRFP_1124,1.9254711030662112e-06
DRFP_1865,1.903024771723992e-06
DRFP_1181,1.7194521974045899e-06
DRFP_133,1.7142739939561264e-06
DRFP_1215,1.499921698841252e-06
DRFP_579,1.4296908825867306e-06
DRFP_478,1.171302356418227e-06
DRFP_199,1.0809540226045498e-06
DRFP_1344,1.0069175481689614e-06
DRFP_1413,1.0052505329881252e-06
DRFP_1212,9.539515410200535e-07
DRFP_523,9.497250426924797e-07
DRFP_530,9.159156349952066e-07
DRFP_677,8.476485678455039e-07
DRFP_1343,7.155271306569262e-07
DRFP_1599,6.763269915920638e-07
DRFP_1484,5.802542583763366e-07
DRFP_240,5.577656948913219e-07
DRFP_1289,5.444816332579533e-07
DRFP_444,5.068739461732289e-07
DRFP_1197,5.014597216905548e-07
DRFP_1815,4.872629832872145e-07
DRFP_1634,4.062639153706664e-07
DRFP_1976,3.6620842390937546e-07
DRFP_1810,3.5508723572542756e-07
DRFP_1869,2.865470008465625e-07
DRFP_1064,2.328536987390575e-07
DRFP_161,1.9157404605597964e-07
DRFP_931,1.1122454827526164e-07
DRFP_1441,8.979041074891247e-08
DRFP_1524,5.381444562885995e-08
DRFP_1292,4.836158787431327e-08
DRFP_789,4.111552482557575e-08
DRFP_1328,5.6885594484612165e-09
DRFP_103,1.830366751584043e-09
DRFP_1137,7.860999560041467e-10
Oxidant NaClO2,0.0
DRFP_1663,0.0
DRFP_1662,0.0
DRFP_1665,0.0
Oxidant K3FeCN6,0.0
Desc_OlefinAromatic,0.0
DRFP_1640,0.0
DRFP_1644,0.0
DRFP_1664,0.0
DRFP_1648,0.0
Desc_ChiralCentersAdjacent,0.0
DRFP_1649,0.0
Desc_NumRadicalElectrons,0.0
DRFP_1656,0.0
Desc_NumBridgeheadAtoms,0.0
Desc_TotalStereocenters,0.0
DRFP_1652,0.0
DRFP_1839,0.0
DRFP_1738,0.0
DRFP_2045,0.0
DRFP_1905,0.0
DRFP_1885,0.0
DRFP_1797,0.0
DRFP_1796,0.0
DRFP_1795,0.0
DRFP_1792,0.0
DRFP_1791,0.0
DRFP_1890,0.0
DRFP_1893,0.0
DRFP_1896,0.0
DRFP_1897,0.0
DRFP_1780,0.0
DRFP_1902,0.0
DRFP_1904,0.0
DRFP_1907,0.0
DRFP_1768,0.0
DRFP_1909,0.0
DRFP_1779,0.0
DRFP_1910,0.0
DRFP_1777,0.0
DRFP_1912,0.0
DRFP_1913,0.0
DRFP_1914,0.0
DRFP_1915,0.0
DRFP_1918,0.0
DRFP_1773,0.0
DRFP_1772,0.0
DRFP_1923,0.0
DRFP_1771,0.0
DRFP_1882,0.0
DRFP_1880,0.0
DRFP_1804,0.0
DRFP_1876,0.0
DRFP_1840,0.0
DRFP_1841,0.0
DRFP_1835,0.0
DRFP_1842,0.0
DRFP_1834,0.0
DRFP_1843,0.0
DRFP_1845,0.0
DRFP_1847,0.0
DRFP_1848,0.0
DRFP_1849,0.0
DRFP_1829,0.0
DRFP_1851,0.0
DRFP_1854,0.0
DRFP_1856,0.0
DRFP_1857,0.0
DRFP_1824,0.0
DRFP_1823,0.0
DRFP_1860,0.0
DRFP_1862,0.0
DRFP_1821,0.0
DRFP_1863,0.0
DRFP_1864,0.0
DRFP_1818,0.0
DRFP_1814,0.0
DRFP_1873,0.0
DRFP_1811,0.0
DRFP_1809,0.0
DRFP_1769,0.0
DRFP_1764,0.0
DRFP_2043,0.0
DRFP_1695,0.0
DRFP_1711,0.0
DRFP_1988,0.0
DRFP_1990,0.0
DRFP_1707,0.0
DRFP_1994,0.0
DRFP_1703,0.0
DRFP_1700,0.0
DRFP_1998,0.0
DRFP_1999,0.0
DRFP_2000,0.0
DRFP_2003,0.0
DRFP_2004,0.0
DRFP_2005,0.0
DRFP_2008,0.0
DRFP_1931,0.0
DRFP_2009,0.0
DRFP_1690,0.0
DRFP_2010,0.0
DRFP_2012,0.0
DRFP_2018,0.0
DRFP_2019,0.0
DRFP_2020,0.0
DRFP_2021,0.0
DRFP_2025,0.0
DRFP_1683,0.0
DRFP_1681,0.0
DRFP_2035,0.0
DRFP_2040,0.0
DRFP_1982,0.0
DRFP_1713,0.0
DRFP_1979,0.0
DRFP_1978,0.0
DRFP_1761,0.0
DRFP_1760,0.0
DRFP_1936,0.0
DRFP_1937,0.0
DRFP_1756,0.0
DRFP_1944,0.0
DRFP_1747,0.0
DRFP_1946,0.0
DRFP_1745,0.0
DRFP_1951,0.0
DRFP_1954,0.0
DRFP_1956,0.0
DRFP_1957,0.0
DRFP_1959,0.0
DRFP_1960,0.0
DRFP_1733,0.0
DRFP_1964,0.0
DRFP_1965,0.0
DRFP_1728,0.0
DRFP_1725,0.0
DRFP_1724,0.0
DRFP_1969,0.0
DRFP_1718,0.0
DRFP_1717,0.0
DRFP_1972,0.0
DRFP_1974,0.0
DRFP_1975,0.0
DRFP_1637,0.0
DRFP_0,0.0
DRFP_1635,0.0
DRFP_517,0.0
DRFP_488,0.0
DRFP_489,0.0
DRFP_492,0.0
DRFP_494,0.0
DRFP_495,0.0
DRFP_498,0.0
DRFP_504,0.0
DRFP_508,0.0
DRFP_510,0.0
DRFP_511,0.0
DRFP_513,0.0
DRFP_514,0.0
DRFP_520,0.0
DRFP_597,0.0
DRFP_526,0.0
DRFP_527,0.0
DRFP_531,0.0
DRFP_534,0.0
DRFP_537,0.0
DRFP_544,0.0
DRFP_545,0.0
DRFP_561,0.0
DRFP_567,0.0
DRFP_570,0.0
DRFP_588,0.0
DRFP_590,0.0
DRFP_486,0.0
DRFP_485,0.0
DRFP_481,0.0
DRFP_479,0.0
DRFP_398,0.0
DRFP_399,0.0
DRFP_403,0.0
DRFP_407,0.0
DRFP_414,0.0
DRFP_416,0.0
DRFP_418,0.0
DRFP_419,0.0
DRFP_424,0.0
DRFP_426,0.0
DRFP_429,0.0
DRFP_432,0.0
DRFP_435,0.0
DRFP_436,0.0
DRFP_438,0.0
DRFP_443,0.0
DRFP_445,0.0
DRFP_448,0.0
DRFP_453,0.0
DRFP_457,0.0
DRFP_459,0.0
DRFP_460,0.0
DRFP_472,0.0
DRFP_473,0.0
DRFP_477,0.0
DRFP_595,0.0
DRFP_603,0.0
DRFP_389,0.0
DRFP_744,0.0
DRFP_699,0.0
DRFP_700,0.0
DRFP_706,0.0
DRFP_709,0.0
DRFP_711,0.0
DRFP_718,0.0
DRFP_721,0.0
DRFP_725,0.0
DRFP_731,0.0
DRFP_732,0.0
DRFP_733,0.0
DRFP_740,0.0
DRFP_752,0.0
DRFP_607,0.0
DRFP_754,0.0
DRFP_755,0.0
DRFP_760,0.0
DRFP_762,0.0
DRFP_763,0.0
DRFP_764,0.0
DRFP_770,0.0
DRFP_771,0.0
DRFP_772,0.0
DRFP_780,0.0
DRFP_781,0.0
DRFP_791,0.0
DRFP_697,0.0
DRFP_695,0.0
DRFP_687,0.0
DRFP_686,0.0
DRFP_609,0.0
DRFP_614,0.0
DRFP_615,0.0
DRFP_616,0.0
DRFP_617,0.0
DRFP_621,0.0
DRFP_622,0.0
DRFP_624,0.0
DRFP_628,0.0
DRFP_629,0.0
DRFP_631,0.0
DRFP_632,0.0
DRFP_634,0.0
DRFP_641,0.0
DRFP_649,0.0
DRFP_654,0.0
DRFP_655,0.0
DRFP_656,0.0
DRFP_660,0.0
DRFP_664,0.0
DRFP_669,0.0
DRFP_678,0.0
DRFP_680,0.0
DRFP_683,0.0
DRFP_685,0.0
DRFP_397,0.0
DRFP_386,0.0
DRFP_1629,0.0
DRFP_143,0.0
DRFP_104,0.0
DRFP_106,0.0
DRFP_109,0.0
DRFP_110,0.0
DRFP_113,0.0
DRFP_115,0.0
DRFP_120,0.0
DRFP_124,0.0
DRFP_126,0.0
DRFP_128,0.0
DRFP_138,0.0
DRFP_140,0.0
DRFP_145,0.0
DRFP_186,0.0
DRFP_146,0.0
DRFP_150,0.0
DRFP_151,0.0
DRFP_153,0.0
DRFP_157,0.0
DRFP_159,0.0
DRFP_163,0.0
DRFP_164,0.0
DRFP_169,0.0
DRFP_176,0.0
DRFP_177,0.0
DRFP_182,0.0
DRFP_97,0.0
DRFP_90,0.0
DRFP_89,0.0
DRFP_88,0.0
DRFP_2,0.0
DRFP_7,0.0
DRFP_13,0.0
DRFP_18,0.0
DRFP_24,0.0
DRFP_39,0.0
DRFP_45,0.0
DRFP_46,0.0
DRFP_48,0.0
DRFP_49,0.0
DRFP_53,0.0
DRFP_57,0.0
DRFP_63,0.0
DRFP_66,0.0
DRFP_68,0.0
DRFP_70,0.0
DRFP_72,0.0
DRFP_73,0.0
DRFP_74,0.0
DRFP_77,0.0
DRFP_78,0.0
DRFP_81,0.0
DRFP_83,0.0
DRFP_86,0.0
DRFP_87,0.0
DRFP_185,0.0
DRFP_190,0.0
DRFP_384,0.0
DRFP_312,0.0
DRFP_275,0.0
DRFP_277,0.0
DRFP_283,0.0
DRFP_286,0.0
DRFP_287,0.0
DRFP_288,0.0
DRFP_292,0.0
DRFP_298,0.0
DRFP_300,0.0
DRFP_301,0.0
DRFP_307,0.0
DRFP_309,0.0
DRFP_313,0.0
DRFP_192,0.0
DRFP_318,0.0
DRFP_320,0.0
DRFP_324,0.0
DRFP_326,0.0
DRFP_331,0.0
DRFP_336,0.0
DRFP_346,0.0
DRFP_347,0.0
DRFP_355,0.0
DRFP_363,0.0
DRFP_365,0.0
DRFP_377,0.0
DRFP_273,0.0
DRFP_266,0.0
DRFP_265,0.0
DRFP_259,0.0
DRFP_196,0.0
DRFP_205,0.0
DRFP_206,0.0
DRFP_207,0.0
DRFP_208,0.0
DRFP_209,0.0
DRFP_214,0.0
DRFP_216,0.0
DRFP_217,0.0
DRFP_219,0.0
DRFP_221,0.0
DRFP_224,0.0
DRFP_228,0.0
DRFP_233,0.0
DRFP_234,0.0
DRFP_235,0.0
DRFP_237,0.0
DRFP_241,0.0
DRFP_247,0.0
DRFP_249,0.0
DRFP_250,0.0
DRFP_253,0.0
DRFP_256,0.0
DRFP_257,0.0
DRFP_258,0.0
DRFP_794,0.0
DRFP_796,0.0
DRFP_797,0.0
DRFP_1370,0.0
DRFP_1310,0.0
DRFP_1311,0.0
DRFP_1312,0.0
DRFP_1313,0.0
DRFP_1320,0.0
DRFP_1324,0.0
DRFP_1329,0.0
DRFP_1335,0.0
DRFP_1340,0.0
DRFP_1345,0.0
DRFP_1351,0.0
DRFP_1362,0.0
DRFP_1377,0.0
DRFP_1421,0.0
DRFP_1381,0.0
DRFP_1386,0.0
DRFP_1388,0.0
DRFP_1393,0.0
DRFP_1394,0.0
DRFP_1397,0.0
DRFP_1399,0.0
DRFP_1403,0.0
DRFP_1404,0.0
DRFP_1408,0.0
DRFP_1412,0.0
DRFP_1414,0.0
DRFP_1308,0.0
DRFP_1307,0.0
DRFP_1306,0.0
DRFP_1304,0.0
DRFP_1231,0.0
DRFP_1237,0.0
DRFP_1238,0.0
DRFP_1240,0.0
DRFP_1247,0.0
DRFP_1248,0.0
DRFP_1250,0.0
DRFP_1252,0.0
DRFP_1255,0.0
DRFP_1257,0.0
DRFP_1259,0.0
DRFP_1260,0.0
DRFP_1261,0.0
DRFP_1268,0.0
DRFP_1270,0.0
DRFP_1273,0.0
DRFP_1275,0.0
DRFP_1281,0.0
DRFP_1284,0.0
DRFP_1285,0.0
DRFP_1295,0.0
DRFP_1298,0.0
DRFP_1300,0.0
DRFP_1302,0.0
DRFP_1303,0.0
DRFP_1420,0.0
DRFP_1429,0.0
DRFP_802,0.0
DRFP_1587,0.0
DRFP_1537,0.0
DRFP_1540,0.0
DRFP_1544,0.0
DRFP_1546,0.0
DRFP_1548,0.0
DRFP_1554,0.0
DRFP_1557,0.0
DRFP_1562,0.0
DRFP_1568,0.0
DRFP_1576,0.0
DRFP_1577,0.0
DRFP_1585,0.0
DRFP_1590,0.0
DRFP_1430,0.0
DRFP_1592,0.0
DRFP_1602,0.0
DRFP_1611,0.0
DRFP_1612,0.0
DRFP_1613,0.0
DRFP_1614,0.0
DRFP_1615,0.0
DRFP_1618,0.0
DRFP_1620,0.0
DRFP_1621,0.0
DRFP_1622,0.0
DRFP_1623,0.0
DRFP_1529,0.0
DRFP_1527,0.0
DRFP_1516,0.0
DRFP_1515,0.0
DRFP_1434,0.0
DRFP_1437,0.0
DRFP_1438,0.0
DRFP_1439,0.0
DRFP_1442,0.0
DRFP_1446,0.0
DRFP_1447,0.0
DRFP_1452,0.0
DRFP_1459,0.0
DRFP_1462,0.0
DRFP_1470,0.0
DRFP_1476,0.0
DRFP_1477,0.0
DRFP_1479,0.0
DRFP_1480,0.0
DRFP_1481,0.0
DRFP_1482,0.0
DRFP_1493,0.0
DRFP_1495,0.0
DRFP_1497,0.0
DRFP_1499,0.0
DRFP_1504,0.0
DRFP_1506,0.0
DRFP_1513,0.0
DRFP_1514,0.0
DRFP_1230,0.0
DRFP_1225,0.0
DRFP_1224,0.0
DRFP_955,0.0
DRFP_900,0.0
DRFP_905,0.0
DRFP_910,0.0
DRFP_917,0.0
DRFP_921,0.0
DRFP_922,0.0
DRFP_927,0.0
DRFP_933,0.0
DRFP_934,0.0
DRFP_940,0.0
DRFP_949,0.0
DRFP_953,0.0
DRFP_959,0.0
DRFP_1223,0.0
DRFP_960,0.0
DRFP_961,0.0
DRFP_970,0.0
DRFP_972,0.0
DRFP_974,0.0
DRFP_977,0.0
DRFP_982,0.0
DRFP_985,0.0
DRFP_987,0.0
DRFP_988,0.0
DRFP_989,0.0
DRFP_999,0.0
DRFP_895,0.0
DRFP_889,0.0
DRFP_885,0.0
DRFP_880,0.0
DRFP_813,0.0
DRFP_816,0.0
DRFP_819,0.0
DRFP_821,0.0
DRFP_826,0.0
DRFP_828,0.0
DRFP_829,0.0
DRFP_831,0.0
DRFP_834,0.0
DRFP_836,0.0
DRFP_837,0.0
DRFP_840,0.0
DRFP_841,0.0
DRFP_842,0.0
DRFP_843,0.0
DRFP_845,0.0
DRFP_850,0.0
DRFP_853,0.0
DRFP_856,0.0
DRFP_865,0.0
DRFP_866,0.0
DRFP_870,0.0
DRFP_871,0.0
DRFP_876,0.0
DRFP_879,0.0
DRFP_1001,0.0
DRFP_1007,0.0
DRFP_1013,0.0
DRFP_1104,0.0
DRFP_1109,0.0
DRFP_1114,0.0
DRFP_1133,0.0
DRFP_1136,0.0
DRFP_1139,0.0
DRFP_1146,0.0
DRFP_1148,0.0
DRFP_1158,0.0
DRFP_1161,0.0
DRFP_1162,0.0
DRFP_1164,0.0
DRFP_1166,0.0
DRFP_1168,0.0
DRFP_1171,0.0
DRFP_1172,0.0
DRFP_1174,0.0
DRFP_1175,0.0
DRFP_1177,0.0
DRFP_1180,0.0
DRFP_1185,0.0
DRFP_1192,0.0
DRFP_1196,0.0
DRFP_1206,0.0
DRFP_1210,0.0
DRFP_1214,0.0
DRFP_1108,0.0
DRFP_1103,0.0
DRFP_1019,0.0
DRFP_1102,0.0
DRFP_1021,0.0
DRFP_1023,0.0
DRFP_1027,0.0
DRFP_1030,0.0
DRFP_1031,0.0
DRFP_1038,0.0
DRFP_1041,0.0
DRFP_1042,0.0
DRFP_1044,0.0
DRFP_1046,0.0
DRFP_1049,0.0
DRFP_1054,0.0
DRFP_1060,0.0
DRFP_1061,0.0
DRFP_1066,0.0
DRFP_1067,0.0
DRFP_1068,0.0
DRFP_1070,0.0
DRFP_1073,0.0
DRFP_1075,0.0
DRFP_1080,0.0
DRFP_1082,0.0
DRFP_1087,0.0
DRFP_1089,0.0
DRFP_1091,0.0
Oxidant NMO,0.0
